2025-12-30T06:51:39.300857+00:00,project/esp8266_led,91,9,1
2025-12-30T06:51:41.443517+00:00,project/esp8266_led,61,6,1
2025-12-30T06:51:41.672091+00:00,project/esp8266_led,90,9,0
2025-12-30T06:51:43.548280+00:00,project/esp8266_led,31,3,1
2025-12-30T06:51:43.997532+00:00,project/esp8266_led,60,6,0
2025-12-30T06:51:45.117048+00:00,project/esp8266_led,21,2,1
2025-12-30T06:51:45.699131+00:00,project/esp8266_led,30,3,0
2025-12-30T06:51:47.541859+00:00,project/esp8266_led,51,5,1
2025-12-30T06:51:47.838216+00:00,project/esp8266_led,20,2,0
2025-12-30T06:51:48.801391+00:00,project/esp8266_led,81,8,1
2025-12-30T06:51:49.384076+00:00,project/esp8266_led,50,5,0
2025-12-30T06:51:50.613000+00:00,project/esp8266_led,71,7,1
2025-12-30T06:51:50.692532+00:00,project/esp8266_led,80,8,0
2025-12-30T06:51:52.091003+00:00,project/esp8266_led,41,4,1
2025-12-30T06:51:52.512653+00:00,project/esp8266_led,70,7,0
2025-12-30T06:51:53.654877+00:00,project/esp8266_led,11,1,1
2025-12-30T06:51:54.310104+00:00,project/esp8266_led,40,4,0
2025-12-30T06:51:54.706861+00:00,project/esp8266_led,21,2,1
2025-12-30T06:51:55.220852+00:00,project/esp8266_led,10,1,0
2025-12-30T06:51:55.266237+00:00,project/esp8266_led,61,6,1
2025-12-30T06:51:55.290461+00:00,project/esp8266_led,20,2,0
2025-12-30T06:51:55.834250+00:00,project/esp8266_led,91,9,1
2025-12-30T06:51:56.143126+00:00,project/esp8266_led,60,6,0
2025-12-30T06:51:57.678492+00:00,project/esp8266_led,71,7,1
2025-12-30T06:52:00.136113+00:00,project/esp8266_led,70,7,0
2025-12-30T06:52:10.273969+00:00,project/esp8266_led,90,9,0
